label,prediction
0.6431032462732983,0.6396266962077594
0.6423792839255276,0.6390010096629897
0.6409848244656569,0.6419483639462615
0.6381960145957067,0.6423813624895914
0.6439568348567969,0.6403835089907015
0.6396619427861241,0.6419613798057088
0.6355278830685545,0.6387491384724376
0.6366496702287379,0.637786182278901
0.6233402196042019,0.6355094077361919
0.6269915650567301,0.6270119593384096
0.6112285526713689,0.6252002486480936
0.6094765855371524,0.6189026060961385
0.6209670194950324,0.6156667671637305
0.6153580841410404,0.617433395319253
0.627778157738834,0.6164056210236298
0.6246899427278987,0.6189706405628512
0.6359613877213448,0.6197644322905244
0.6313893500749076,0.623649574278295
0.6398049897439341,0.6240802041742783
0.6381602257055378,0.6285340775491287
0.6323859847223655,0.631752719592489
0.6187771289568443,0.6346867823666219
0.6165871289219395,0.6298378167324071
0.6187637082347622,0.6279646930189421
0.630035152781283,0.6257888932590489
0.6218340288006131,0.6267332997107944
0.6181692621790774,0.627239029755149
0.6214184185929073,0.6235211971559667
0.6275234889340229,0.6244244455836767
0.6256061616457305,0.6270982900978292
0.6280954573249038,0.6276444000501982
0.6322429382114809,0.630910171996254
0.6371055430496152,0.6308027885637356
0.6328015949300714,0.6321428524746971
0.6343256801787447,0.633066563376261
0.639147913353916,0.6332978127605632
0.6384150035601405,0.6360534224767238
0.6277736844627569,0.6363006118653911
0.6363635767600433,0.6346199055123767
0.6349737000729664,0.636952430136806
0.6397423589626756,0.6374216895192614
0.6419635651149557,0.6402921016901052
0.6440909339216767,0.6415156629070004
0.6401713898924636,0.6431627512264984
0.6427814734111513,0.6414772662407313
0.6392463330253436,0.6419664519984534
0.6297089061961336,0.6424468896160966
0.6398898791965628,0.6383108717958494
0.6426607946214283,0.6364353764062303
0.6314742395275362,0.6363433162838367
0.6273133379188771,0.6351382812658057
0.6308217459103121,0.6319527377526043
0.6433803927429134,0.6314353985376007
0.63856699751703,0.6337112606257329
0.6357916083691623,0.6353350824210677
0.6355055149004675,0.6359299055660996
0.6456150196172753,0.6333502590502443
0.6463434552411231,0.6386595056496035
0.6492350494557118,0.6418852636162321
0.6486228184516591,0.6437711634912073
0.6477379151479192,0.6446771450268618
0.6499591208532739,0.645928188518441
0.6478317520465529,0.6479565980062841
0.6380619150839018,0.6472458890353447
0.6466786492722775,0.6441732272296977
0.6454764463824678,0.6436872536433663
0.6394875811080729,0.645176869889433
0.6414272761175268,0.6435580829043017
0.6404753778062428,0.6416662553830703
0.6424731208241612,0.642373569741676
0.6343256801787447,0.6437436202244952
0.632980430331125,0.6402551988627093
0.6269245696022607,0.63719438483258
0.6273133379188771,0.6334139339059124
0.6385088404587741,0.6336493864754756
0.6401446570511655,0.6351372569452274
0.6335525077717976,0.6349922316650247
0.6292261919310922,0.6338464470726282
0.6345267746980939,0.6340525001697488
0.6363814712051278,0.6349212326881393
0.6456775409018171,0.6350592666024164
0.6406496304345025,0.6392207069434082
0.646397139023302,0.6405015460863904
0.6470004225813497,0.6436103702386772
0.6400195049853654,0.643469892352398
0.6372172743933333,0.6429604618251874
0.6368507647480871,0.644682497461507
0.6172530437081709,0.6437965657907694
0.6196978211507532,0.6359149218697646
0.626093240583983,0.6301913208498883
0.6258072561650797,0.6308627705728522
0.6222229061670209,0.6318534684041827
0.6278452622430949,0.6273979487337521
0.6123548135545548,0.6267815051917938
0.6144240802748409,0.6239827524432787
0.6257357874345333,0.6226193227168232
0.6360061240575187,0.6252199083890355
0.6401848106145456,0.6290843988908049
0.63949205438415,0.6308839276561086
0.6470406851945212,0.6339561764499849
0.6480908945743666,0.6384548624089736
0.6488239129710084,0.6410265323114144
0.6447702694299902,0.6468502149628685
0.6425088006645387,0.6475915404743754
0.63714569616607,0.6470190070411646
0.6270898752314409,0.6454574945267444
0.621722297456895,0.6404801000074397
0.6331681041283923,0.6361167113937233
0.6400150312623629,0.6377980764528591
0.6400417641036608,0.6384931921915473
0.637901083177724,0.63766371825042
0.6353088941041207,0.6375712709200249
0.6331994192955588,0.6376350999567707
0.6361133816782344,0.6360109458484426
0.6288374236144758,0.63443586116434
0.6261603446413185,0.6316153764028128
0.6380529680848221,0.6293661842396485
0.6290653595779891,0.6317738191546906
0.6299502633286543,0.6317882721414484
0.6287613721111353,0.6314820862660261
0.6324038791674501,0.6295622081442614
0.6372753219548726,0.6319534903869528
0.6348082853939947,0.6339028029532239
0.6270720898361478,0.635967022893532
0.6074609476272242,0.6354216485552041
0.5784823219628858,0.6278636844604991
0.5437651347088275,0.6157513191435532
0.5323238558383031,0.5964643094472879
0.5649047268396356,0.5783847148090373
0.5859772689910782,0.5752788951645216
0.5865180312645841,0.5796027535189168
0.5790588731265609,0.5790967614003804
0.5529896811500746,0.5772302850145066
0.5686365425466856,0.5716278412842738
0.5696510720861535,0.5748109204290774
0.5562835189282572,0.5790503953459833
0.5778208808996569,0.5765119914640898
0.5655885356240261,0.5780141536438969
0.5701695207164682,0.5772329996520572
0.5740845914696042,0.5769203608391064
0.57050024102462,0.578862390831368
0.5817001627626238,0.5828266218437801
0.5893962592819864,0.5886943277221176
0.587112422348448,0.594658724901751
0.5727348678989821,0.597458977128557
0.5767303548286695,0.5952941371548276
0.5659013614870934,0.5945405937484182
0.5641226074336089,0.5906806158826348
0.5612086450509332,0.5830043532496325
0.5608064014873391,0.5759695198277339
0.5386523347888843,0.5778582399719281
0.5396891775246181,0.5674794324841906
0.5557517036538309,0.5600670596652191
0.5574455137297911,0.5578658892371506
0.5697538559838666,0.55573194253795
0.5857046512162866,0.5655455691431718
0.5825180710588196,0.5746136675547143
0.5896286144436064,0.5777904161768531
0.5974945448400474,0.5842901784664671
0.5981470384572715,0.5903618951220526
0.5992956125367234,0.5931333669098581
0.5931414411862229,0.5943427867334382
0.588918018293022,0.594085463918227
0.6021559456621157,0.5962461268506333
0.6062900053796855,0.6003886544060509
0.6065358362352086,0.6026696635407207
0.6052442156448721,0.6052597279832405
0.599957053153027,0.605768027297164
0.6149603688253443,0.6052651460814144
0.6250787110445151,0.6054295603611977
0.6233044307140329,0.6069354997605475
0.6209401780508683,0.613609167129571
0.631872064339949,0.6142134207718033
0.6314518713594492,0.6145934195383723
0.6269603584924297,0.618882485304242
0.6379949200763575,0.6198281453117125
0.6405602672588714,0.6243939151826042
0.6372172743933333,0.6276223506950777
0.6361535352416144,0.6250415354181212
0.6358272882095397,0.6268541794719489
0.6266117437391934,0.6298073427817047
0.6280150415952775,0.6287689263790491
0.6250117160369709,0.6289228105504704
0.6120374594435892,0.6255051996724157
0.6017894909886906,0.6203673826177483
0.6152642472424068,0.6134340751899852
0.6140352024615077,0.6128896298626876
0.6288463706135554,0.6109367438430351
0.627800525906921,0.6120753496304535
0.6313446137387336,0.6125640872245455
0.630191620461175,0.6168315957243093
0.6313311930166516,0.6190798675624414
0.6312106232767202,0.6213001595310742
0.631764806272308,0.6227752218792826
0.6274295429855977,0.6242635284086814
0.6373602118544264,0.62580286457728
0.6270273539468992,0.6280200087661448
0.6136688023129784,0.6283971157529847
0.6324708741749943,0.6270294939687948
0.6259368819538823,0.6305777728241573
0.6199123368391098,0.629369816435229
0.6127748970383378,0.6282752499555657
0.614835216312619,0.6250925529865088
0.5970207775740856,0.6242520436053385
0.6012978292776443,0.6158676738861487
0.6108933586402145,0.610524296022105
0.6241491804543927,0.6111819380325441
0.6102140235788264,0.6159614509631611
0.5939727706514261,0.6127774215399947
0.6009447953263011,0.6074135937198958
0.6089089818194825,0.6054761827713862
0.6202251627021771,0.6086626497082461
0.6187502870657549,0.6149410423806673
0.6167435966018315,0.6156268874521982
0.6265134331175574,0.6191504351821978
0.6198095524944713,0.6228345821509635
0.611130187524837,0.6234954412056403
0.5971504033628882,0.6236984950463333
0.598960418505569,0.6180449954027607
0.5871392642395376,0.6129086621480945
0.5660577746420897,0.6078221631614467
0.5566455544035757,0.5981445185441205
0.5573785187222471,0.5869702631503159
0.5640868730683354,0.5799333439735028
0.5424556737513769,0.5756948121249316
0.5565606104260512,0.5674928349675941
0.538008733645844,0.5648744711971192
0.5384556590207165,0.5565296687364664
0.5286233007735236,0.5553378224284924
0.5329406150902537,0.5482255817606945
0.5498835712471292,0.5452743228392584
0.5365562261775088,0.5475013641840814
0.5484221167797144,0.5478433286579177
0.539179675893383,0.5543274171125
0.5438321842412674,0.5513719631359177
0.5647840480499123,0.5526728292465968
0.5643996989314027,0.5606009309757939
0.548153972281,0.5689815545750609
0.5523997633422878,0.5657767093104128
0.553704750576736,0.5661978432870313
0.5378836361049397,0.5687594872798668
0.5259909036116447,0.5663100057601375
0.5254411943390591,0.5569954051501147
0.5252847811840627,0.5493916547296706
0.5151038081836334,0.5471848486475808
0.5310590766921307,0.5394752850628439
0.5448243456126481,0.538214865757389
0.5587862898544084,0.5400231320312804
0.5547684352035591,0.5478585552465677
0.554746121560368,0.5540168947702657
0.567134879990995,0.5544894665373161
0.5563058870963442,0.5580186337274431
0.5601181735048416,0.5638875892002152
0.5699057954158605,0.5647839974042969
0.568274561596263,0.5669780444507465
0.5612041713279308,0.5675176533656533
0.5818163678293444,0.5658877717232308
0.5854364521926765,0.5769027024252553
0.5885426161735919,0.5820552107927814
0.5914878391985383,0.5839689153876052
0.5922789060505701,0.5864035906205458
0.5822230851159411,0.5913132012531046
0.5866923388646651,0.5887473259919365
0.5868308571276515,0.5852263727221289
0.6014095606213623,0.5852892209249534
0.6002699339879154,0.5885682719970087
0.5986118582772284,0.5892056354291044
0.6036576086647317,0.5873965588367184
0.6096329986921488,0.5894710631159541
0.6136509078678937,0.5962320511451774
0.6145537060636435,0.5995584192996084
0.6137492184895298,0.5996627853082123
0.6078989260030171,0.6031659391066441
0.6075547845258579,0.6069589200157572
0.6080509199599067,0.6052552074363926
0.6160776822625254,0.6049021662166746
0.6200731687452876,0.6072774279337225
0.6181916303471644,0.6090650121137047
0.6240195546655901,0.6104061083419754
0.6210474356715837,0.6106749195720537
0.6116799517692438,0.6128138295028595
0.6212843190811022,0.6121863903791709
0.610222970577906,0.6121612955457755
0.6127659500392583,0.61024080043285
0.6102587049431791,0.6090689460660939
0.6190765340978296,0.6064409684990968
0.6283278674583449,0.6096722948910361
0.6284888084143141,0.6120279981496244
0.6275725894964823,0.6146526910468532
0.6336552921164361,0.6173904946774639
0.6365424126080222,0.6216649957045673
0.6372574275097881,0.6275799830157538
0.6323770372763606,0.630637560634281
0.6324217736125346,0.6305737040625958
0.6307279090116785,0.6307856036521675
0.6324753478979966,0.6309823813192915
0.6340172185419631,0.6289653542400917
0.6253737519592146,0.6308360707807065
0.620676561800052,0.6299740667301608
0.627885415806475,0.6253880150324133
0.619814026217474,0.6264838146506325
0.6143391903752871,0.6243907229745922
0.6141200923610615,0.622020441966224
0.6170295810207348,0.6205315627452056
0.617722336804205,0.6187173179010855
0.6292082974860077,0.6172983786484231
0.6203011051557262,0.6199182707320507
0.6201447465256256,0.6194917821682075
0.6123234979404629,0.6200474160161141
0.6212843190811022,0.6165069404000573
0.6125916424391773,0.6187629250012944
0.6127793707613401,0.6173697601061148
0.6093872223615214,0.6188035920085123
0.6148754789257904,0.6174541728698644
0.6129626253605006,0.6168006499505134
0.6254854833029327,0.616589631092189
0.6319569537925777,0.6212926352370944
0.6317603329962309,0.6250495441209155
0.635764766924998,0.6276522297447887
0.6348217061160768,0.6307413507870808
0.6358854452677957,0.6323266146492602
0.6385356823498636,0.6357974989001861
0.6357959730423729,0.6370456716895012
0.6403903788568973,0.6369691605835559
0.6416060029157141,0.6383208660381878
0.6447301158666103,0.6390870348986384
0.6431032462732983,0.6409706710742086
0.6344284640764579,0.6413281171241194
0.62682625942755,0.6399249368674148
0.6251547625478556,0.6378070749817983
0.6234474772249176,0.6338906746385742
0.6263480184385857,0.6320113731538693
0.6233223251591173,0.6316446688442662
0.6286988503796682,0.6285920077957096
0.6312239349490106,0.6280477651272075
0.6296820643050441,0.6271594745994367
0.6421379267930069,0.6257774830894516
0.6082118063909802,0.6305779453341588
0.5917336700540615,0.6242311394787369
0.6076218345052231,0.614464107632331
0.6231212306397681,0.6119998085466822
0.6356754033024415,0.6158642211393092
0.6375032583653112,0.6216941767094188
0.6310675767658354,0.626712202032483
0.6360641716190579,0.6273604053875235
0.6352462633228623,0.6289063295810815
0.6495478753187791,0.6322528570517626
0.6527925580096064,0.6409385009127855
0.6594874916336129,0.6456807137857359
0.6596171174224155,0.6484694678105751
0.6646763430568965,0.6510613641306148
0.6637780185841493,0.6544723295055515
0.6660796409129808,0.6584804530588745
0.6646897637789786,0.6624497660644956
0.6688193502204711,0.6605497928691839
0.6653109422290361,0.6632472222293386
0.6697176742462931,0.6629288071941424
0.6667902911415355,0.6638354384224388
0.6671031174515282,0.6662021956100934
0.6659411767279647,0.665030423076034
0.6674964685409385,0.6624453181983903
0.6690786017980764,0.6635320585980902
0.6678450832941748,0.6645638245914033
0.6616730174985899,0.6652335639181917
0.6646942375019811,0.6599046013528698
0.6648998057443327,0.6562644163440777
0.6732216085147259,0.6569163885721389
0.6723365961611943,0.6596932837406911
0.6727165260815973,0.6624549888501376
0.6699232424886448,0.6651221581877564
0.6745265957491738,0.6647155823948198
0.6737489500661497,0.6652988587970574
0.6764751291548412,0.6642832299852339
0.6711120246563724,0.6660049938300754
0.6729310417699539,0.667402197634389
0.6750763054686848,0.6676313373269258
0.6736685338895982,0.6668129052122154
0.6731187155672211,0.6684018920896784
0.675022621686506,0.6702021685825232
0.6699008743205578,0.6708164322082862
0.668573519364948,0.6680305539786462
0.6670405957200611,0.6654138014296664
0.6721086597507555,0.6651300026526151
0.6702048622343372,0.6673885331746356
0.6678941838566345,0.6682026091512822
0.6678540302932544,0.6665971925351305
0.6719299329525682,0.6664256578219916
0.6748349478892387,0.668524546649362
0.6746919013783541,0.67059172649922
0.6725199052852505,0.6716734555318555
0.6486138714525795,0.6708970435761028
0.6625713419713372,0.6644352087357904
0.6482607829763407,0.6648386510887074
0.6477021262577503,0.6606086469460433
0.6573065480945044,0.6591278467712476
0.6536864087593512,0.6575262723422665
0.6536686233640583,0.6570409568077945
0.6539546077829613,0.6554419273289166
0.664394832360996,0.6548717381471566
0.6706785204505074,0.6591703374846791
0.6650964265406796,0.6624121816563783
0.6567881539890853,0.6634458855859054
0.6629690577339585,0.6616977562385536
0.6680819667036932,0.66201340914806
0.6590360925357378,0.6646183729733576
0.6666964546898273,0.665015628849988
0.6635366614516286,0.6642939289894452
0.6587501081168348,0.66391033457824
0.662879694111402,0.6644195865415861
0.6633445143782842,0.6637855409620393
0.6602026155851701,0.667005764168031
0.664636080443725,0.6657412877292894
0.6526004104893368,0.664149538800033
0.6536953562053561,0.6631525718014046
0.650732293260221,0.6606940332398973
0.6509244403335653,0.6573632008550978
0.6480283728428996,0.6568678692273195
0.6538831390524147,0.6526790380069194
0.6559791926919692,0.6528022616657579
0.654660784735439,0.6524909678990991
0.654580259509096,0.6525790796494152
0.6591255647611606,0.6552236798164399
0.6554741102588408,0.6573478511810649
0.6538070875490742,0.6552416343862185
0.6509512822246547,0.6556703484324511
0.6479881102297281,0.6568596421478607
0.6478719051630075,0.6544688890293413
0.6414228028414496,0.6527760621407637
0.6352641577679468,0.6493269655943943
0.631116677328295,0.6463675341529622
0.6295613859622465,0.6436815925132194
0.6502719471632665,0.639218307163613
0.6538652446073302,0.6438565759957351
0.6644573540924628,0.6477714974879307
0.6663433657666631,0.6518215649669585
0.6649891689199638,0.6544304948421402
0.6648774375762457,0.6576387911395534
0.6721131334737582,0.6613276239604551
0.6705712623828665,0.6647693872482046
0.6751210413579336,0.6665780939146156
0.6727879948121439,0.6692423069708707
0.6800639533228279,0.6708196168517734
0.6821913221295489,0.6733864170989313
0.682986862704583,0.6757981556718933
0.6868438854492543,0.678817177530319
0.6816460865799657,0.6816439908152793
0.6829600208134935,0.6811768895155509
0.68034557306852,0.6814185425236411
0.6768908484123385,0.6806610647611774
0.6772796167289549,0.6781610677891431
0.6829823889815805,0.6759906463617839
0.686343276292203,0.6753094613777303
0.6993577959456816,0.675089796010965
0.7015208445927802,0.6806652088142612
0.707482868423011,0.6833377265216222
0.7063342398186634,0.687078473129238
0.7129308628210338,0.6899219866735683
0.7046895848300585,0.6934827034770275
0.708600181860192,0.6947834777963152
0.7068303748057869,0.6974991977506265
0.7088236445476283,0.6986735329141779
0.7125018318912459,0.700228128431495
0.7100079534392787,0.6998197773764231
0.7081219413181531,0.7003756341635002
0.7093867749892212,0.7000045202760097
0.7116615554269631,0.6996887189902175
0.7031878677494722,0.7013410320360639
0.7028929363314893,0.6984112835331365
0.6982315350624957,0.6972068900415664
0.7067231171850713,0.6955033953390546
0.7124973581682434,0.69526778799513
0.7117152387622168,0.6961984896071021
0.7152816943151911,0.6976714901383838
0.7116705024260428,0.6986060331206361
0.7116705024260428,0.6996847196759222
0.7145398375223359,0.7015641659466103
0.712358784933436,0.7033051994451083
0.714235850055482,0.7053249388054448
0.7112191037750933,0.706562677969128
0.7130068052745829,0.7068239515012836
0.7093420386530472,0.7072753349258558
0.712747662746769,0.7067244033230665
0.7100169004383583,0.7070233686269626
0.7166627330529798,0.7064779295229322
0.7248414893124883,0.7075524216159876
0.7240861027477593,0.7103014870154511
0.7231967252740916,0.7127831451329807
0.7170336069245117,0.7140263652696549
0.7161264445024764,0.7130865881528125
0.716430323366464,0.7126734794856038
0.7170113482531414,0.7112965808607541
0.7244168230559112,0.7122460248863107
0.7222448269628076,0.7137844157523077
0.7224772366493234,0.7132846521285363
0.7231877782750121,0.7144677563878795
0.729087280373776,0.7152426600685836
0.7327654677173936,0.7184806130098282
0.7381955672234065,0.7219650951996447
0.7423654158311452,0.7255306832676561
0.7475810000957269,0.7287377018049997
0.7466737286239001,0.7318503017156073
0.7484345882323002,0.7322969553198004
0.7547898541021497,0.7341140025291976
0.753645807823671,0.7374253384484565
0.7540882599224662,0.7390954671528336
0.7556659194566017,0.740075398594384
0.7567429702806112,0.741546166129522
0.7540122084191258,0.7431298287394921
0.7684568669259272,0.743349639212325
0.7621820172326291,0.7460903452802161
0.7627184148329242,0.7470858216211411
0.7592279017334989,0.7481907075776946
0.7561351039497696,0.7472103385313867
0.7537172765542176,0.7473293353295165
0.7545620267415029,0.7445392948086876
0.7580167513976842,0.7433953874114606
0.7584055197143006,0.7430525515287647
0.7548211692693165,0.7426792468437258
0.7636747873141359,0.7428142525234627
0.7619406601001082,0.7444774203952474
0.7605418359670266,0.7451096307716012
0.7584055197143006,0.7457631397754851
0.7452435893236518,0.7460418928646673
0.7472234378964857,0.7421573140375097
0.7461105981823072,0.7407697791702064
0.7452256944316419,0.739798986078511
0.7441575910536373,0.7383821920062688
0.7517463749804633,0.7375545475398735
0.752890421258942,0.7384991560471095
0.7559876927656739,0.73966596271809
0.7536010719344223,0.7419523800205685
0.7518670537701863,0.7425939531384537
0.7524569166061519,0.7433340283648222
0.7492346020834115,0.7429010271953307
0.7512636607154218,0.7428665896444068
0.750392178133764,0.7439978312067947
0.7511161404815347,0.7430616212093015
0.7496055850047348,0.7445872947986489
0.7456502520853527,0.7437948564536615
0.7385083930864739,0.7419424383970841
0.7474737424750113,0.7406028876646796
0.7444256805805307,0.7417682045643951
0.7426290320819615,0.7417755361181957
0.750526277645569,0.7418470558508792
0.7473306955172013,0.7419809778489247
0.7587093981313631,0.7425205062980078
0.7651720306717198,0.7458844800326989
0.7646535275165093,0.7487778937054406
0.7652434998491917,0.7509589679360662
0.763201020048174,0.7517332935406339
0.7650468786059196,0.753070701195362
0.7663160769501988,0.7545365620626672
0.7649574063804969,0.7551127750276094
0.765578693880346,0.7564657822798833
0.7699451632844315,0.7576613050231727
0.7699853168478114,0.7575679959448074
0.768885897855715,0.759008313235062
0.7700970481915295,0.7593514093771483
0.7677775314176137,0.7590756033571913
0.7661953981604758,0.7594631787836987
0.7712993601311308,0.757300528402878
0.7705618680114866,0.7571646344639146
0.7510580924730701,0.7595653501707524
0.7549418480590395,0.7537263573941655
0.7620971273330751,0.7499953663845722
0.7675898580672719,0.7497277401436124
0.7695562859180237,0.7508231017467181
0.772224417445176,0.7525217504196102
0.7769976586607539,0.7545071227266094
0.7773328526919082,0.7564056830847226
0.776032230130671,0.7591825238836444
0.775536204193339,0.7615827170548177
0.7836970660077628,0.763126048917877
0.7877238676576915,0.7662627903485076
0.7863965127020817,0.7682465837778782
0.783370818975688,0.7696727000335021
0.7850735219727576,0.7691959471447851
0.7853640887175294,0.7701398117317129
0.784461290968705,0.7702952842841252
0.7833975518169861,0.7706050584673954
0.7882959455452894,0.7714885398104893
0.7872098382254835,0.7722405422071321
0.7847696431087698,0.7725408476101416
0.7850779952488347,0.772556907250313
0.7941550759810903,0.7715839703116719
0.7868121224628623,0.7730386452299172
0.7861775232907227,0.7730674731619745
0.7856813883035991,0.7731686286565216
0.7873797266274576,0.7729102067081232
0.7877238676576915,0.7724846706800992
0.7789238243452594,0.7725945550852957
0.7884478300054623,0.7713537001135041
0.7790668708561442,0.7720481632896424
0.7807249465668312,0.7703820291769663
0.7832277724648034,0.7707951668137779
0.7848054319989388,0.7711104690583995
0.7746199852755072,0.7714671382405439
0.7815160134188629,0.7673362133909443
0.7825215955123258,0.7684528720832507
0.7816724806518296,0.7701237597592141
0.7895919853337326,0.7695354259597552
0.7916389384108274,0.7705188665238419
0.796751738777696,0.7737127075924498
0.79669358171944,0.7773083677860029
0.7973506576625327,0.7773706129791966
0.8032589981575099,0.7787063254328582
0.8030891097555358,0.7818984128066019
0.802682446993835,0.7852846040219617
0.801506976498398,0.7865815056646287
0.8047337647441406,0.7856861382645477
0.8050466996569995,0.7882213176383758
0.8039695397831986,0.7910807351647741
0.8024858261974881,0.7897818480637022
0.8016813386233744,0.7892663046338894
0.8043852590406958,0.7893983004812599
0.804930494590279,0.7891170695582227
0.8025125585918608,0.7896510669334049
0.8045997742821271,0.7888103059498816
0.8064231556219943,0.7884450567987795
0.8037460770957624,0.7890320347622368
0.8033438880570639,0.787947258610146
0.7873394640142861,0.7873791713585027
0.7887294497511544,0.7837533314341992
0.7996880688815332,0.7807024784574262
0.7991383591620222,0.7816613329308935
0.8007025979740756,0.7823116594486732
0.7836746978396758,0.7826871119110551
0.7816814280978345,0.779885114982206
0.7829417880459003,0.7771395271435187
0.7937305187743048,0.7752293853128703
0.7899450738099715,0.7775484439636032
0.787679131768443,0.7772611362907353
0.7895026221581015,0.7774267215349264
0.7900344369856026,0.7761372141531171
0.7909551296264368,0.7760606459780096
0.7960009345388358,0.7768111863221184
0.8022846221814222,0.7802645461767879
0.8044746222163269,0.7834237269768196
0.7961171396055564,0.7840584273914585
0.7995539693697281,0.785110583689345
0.7993573485733814,0.7859784759729164
0.7977170582579874,0.787391168777133
0.8096411054715237,0.7877977744664036
0.8133818140996831,0.789637668637242
0.8142265642869685,0.7931850714908072
0.8129975195060694,0.7965225075773472
0.8150577842554546,0.7974079211355508
0.8166846538487667,0.7987918997423876
0.8179270103019562,0.7988811500262347
0.8186376609774363,0.7997058252145461
0.8152231993813516,0.8010784043993368
0.8159471617291223,0.8010056228686452
0.8134622302762347,0.8008124810172389
0.8135427555025776,0.7992505736073487
0.8181013724269327,0.7977693594022874
0.8194510959975548,0.7979426365875147
0.8236075234362862,0.799225174187021
0.8279695195642948,0.8004063557166022
0.8304097146810083,0.8036127182526175
0.8318219595361721,0.8060167713654904
0.8382264350182729,0.8056324391963613
0.8370018639603762,0.8088891594870335
0.8349459634372765,0.81136530357824
0.8375872535202648,0.8118783501626042
0.8396431535964392,0.8120940558010329
0.8377168793090674,0.8127535461670684
0.8387179876795278,0.8136436607503416
0.8407157311443715,0.8141675605458653
0.8414845384311822,0.8149014844962706
0.8423336532916784,0.8151777248876702
0.8427091099360042,0.8170724681244868
0.8485682403718051,0.8187713928251048
0.8439962022784426,0.8198171697392268
0.8458508992324015,0.8196417813575829
0.8404967417330125,0.8198882881605424
0.8419492492013477,0.8189323459942457
0.8511872708895725,0.8188437637709024
0.8475046102698777,0.8209960493307598
0.8485906085398921,0.8214358099015389
0.8504230459286303,0.8216909470713034
0.8506420353399894,0.8229274909179852
0.8542129646159661,0.8242827808813724
0.8556832574795943,0.8257328617134594
0.8554642685151608,0.8278732745199285
0.8571357649479296,0.828759553725404
0.852773877869713,0.8299367465923748
0.8517369806090834,0.8298645155772695
0.8528721884913489,0.8299268010725009
0.8502040569641968,0.8293159832186957
0.843835370372265,0.8285869045087203
0.8532296416407987,0.8272362019565904
0.8501951099651169,0.8270492597911938
0.8516654028287454,0.8270786752217717
0.8592140331921911,0.8277500472809652
0.8583425506105333,0.8292299476682509
0.8607290623919935,0.8314588519371726
0.8602821370171211,0.831847354499047
0.8717324174116209,0.8327143581556306
0.8712989127588305,0.8382011464107872
0.8809122820415896,0.8397757870389819
0.8785167142112584,0.8434538757533915
0.8772742482613519,0.845483201053156
0.8728631515708839,0.8472272925811541
0.8727290525060042,0.8475324846292887
0.8761748292692555,0.8477623838766849
0.8826641946509102,0.8482542676554062
0.8864585866143232,0.8509683642625885
0.8882999714490663,0.852843598171064
0.8877368414543987,0.8534232217774862
0.8828921310613489,0.855198020414337
0.8935289768826553,0.8550011850110844
0.8999422903140443,0.8569629337958968
0.8960585351750002,0.8597814824812972
0.8950663738036193,0.860601880281392
0.897444047188866,0.8609417237588217
0.8968943379162804,0.8613947851551018
0.8956250305222099,0.8614002829014922
0.8965725646072084,0.8615269113326549
0.8987714025914011,0.8618407947925109
0.8925457625103541,0.8633823329883915
0.9024674843801034,0.8623208963862681
0.9101769470966523,0.8642227165134156
0.9150618106061568,0.8673417152537931
0.923624861459279,0.8702696683421774
0.9256628675372943,0.8744721084350972
0.9272628952395167,0.8777038553279364
0.92589527722381,0.8804857381131846
0.9345343800271981,0.882340664718135
0.9428829151919638,0.8855274706320176
0.9384940776197913,0.8887990500658957
0.9501767681477322,0.8897384222918996
0.948152182791799,0.8930287442188128
0.9536359660799908,0.8960839259241363
0.9637677294681689,0.9000255757824263
0.9665207504479498,0.9044850157287412
0.9658102088222613,0.9081783648872934
0.9665744337832035,0.9098393264089641
0.9816001171766827,0.9124395388173353
0.9729565410972173,0.9169982202313169
0.9590571185869242,0.9171383087783852
0.9596739323637707,0.9154570664838128
0.9588560236206497,0.9131801709747978
0.9321074965827749,0.9116300478292667
0.8815200393226398,0.9040924491398349
0.9021679701893267,0.8881222061731234
0.8961434246276289,0.8819866465298541
0.8511559557224059,0.8747766537924315
0.8683849508230803,0.8606917981871975
0.884675358837836,0.8532938106224597
0.8877769945708534,0.8554791998798218
0.9037277352783775,0.8560124083617368
0.9182841251288972,0.8578748150589236
0.9187399979497746,0.8664958486334953
0.9116070863969006,0.8708824008289759
0.9049345209409811,0.8724982493582222
0.9061098823866267,0.8738146246602381
0.9254796674630296,0.8751665764308952
0.9399153789707515,0.8808716771104477
0.9241299438924074,0.888760389642725
0.9105210881268861,0.8900660186789183
0.8943601968511418,0.8882469194727658
0.9004294783020882,0.8863238350362707
0.9136986663134526,0.8842674248843857
0.9169076691639026,0.8885597768361412
0.9163176972781454,0.8940340412669622
0.9217567442301633,0.8888854129877658
0.9430304354258509,0.8906079717941878
0.9414438288926359,0.8991384573362728
0.9335287979337352,0.899174472881922
0.9264539339424006,0.8968413991268487
0.9254930881851117,0.8946646513646977
0.927584668548589,0.8960788942140048
0.9101143163153939,0.8940179696672145
0.911910964813963,0.8877569144849181
0.9096718646635239,0.8880139522453618
0.8791736811045596,0.8876721346864602
0.8544006384132333,0.8787908318444624
0.885815040443104,0.8650581741875089
0.8652877883661403,0.867718998331683
0.8618821647193435,0.8655768766932916
0.8779134302062856,0.8569595390757933
0.8515491977620246,0.8496483408620539
0.8661055876125444,0.8440968348865965
0.8796206064794321,0.8456321239264568
0.8877323677313962,0.8467917231003462
0.8616452813098253,0.8503658053298551
0.8655290364488694,0.8436697430691448
0.885064236204244,0.8421471018575688
0.878503293042251,0.8467615083548142
0.8882462881138128,0.8478889033371397
0.8848094583496411,0.8537403689915549
0.8944362483544822,0.8585296893709662
0.9071958806566411,0.8643534467584376
0.908201462750104,0.8720840542359456
0.9012696457165792,0.8777308184322571
0.8909948358175167,0.8785735880461958
0.8910619398748523,0.8798909418185886
0.8750933051691688,0.8750626471387148
0.8772563538162674,0.8652455651843577
0.8895646960703429,0.8659140753057379
0.8908920514728782,0.8681597339197876
0.8811223240069438,0.8668329376133325
0.8841390702873325,0.8598146847333347
0.8755893311065008,0.8580331015023572
0.8729346203014305,0.8586880691142518
0.88799151025921,0.8563434425252164
0.892107675531695,0.8589800786902742
0.8917903759456254,0.8601330955822939
0.9033523876838433,0.8601177988093771
0.9146506741214534,0.8670727566527847
0.9167288337628487,0.8716350849225644
0.9178058845868581,0.873539487073119
0.9094573489751673,0.8767990826400602
0.9143780018217662,0.8767827029773515
0.9133366308381341,0.8773357314639194
0.9101366844834808,0.8782496555940607
0.9190930864260134,0.8782228810029341
0.915262905125506,0.8780717115638388
0.9192182384918135,0.8801567727260815
0.9167467282079332,0.8797740676214486
0.9138730284384292,0.8768851031179075
0.8998082998520306,0.8801455508244485
0.9150707580521618,0.8773635721799401
0.9066953809963066,0.8748522719810581
0.9198126841005733,0.8713922273995136
0.9252875199427602,0.8768929702526099
0.9261500555253381,0.8794886442056755
0.9366751700029265,0.8827413661534481
0.9357902662522616,0.8854891771290097
0.9396606006692234,0.8868216417263464
0.9409879560717586,0.8921066672897061
0.9431555879385763,0.8934846409011786
0.9381409891435523,0.8962731408021183
0.9412069450361923,0.8958804354318292
0.9399421113651242,0.8978457909869255
0.9373008217290613,0.9001964113082306
0.9323131738749182,0.8992644560163703
0.9344271219595571,0.8970130819099656
0.9265790864551261,0.896532185611783
0.92886728761495,0.8931547741718358
0.911969121872219,0.891065147324587
0.9146462008453763,0.8864793242132415
0.9041746606532498,0.8826947786607612
0.9116294545649876,0.8790340127767065
0.9125501467588967,0.8799798007734461
0.9162774346649739,0.8773799149763503
0.910248415827199,0.8786943822034344
0.9207020611273153,0.8775372626426272
0.9310751816480142,0.8787459003310122
0.9419577492750524,0.8832931196981897
0.9462795918396807,0.8886076047639817
0.9374215005187843,0.8947877479736075
0.9482683878585195,0.8979724262590688
0.9496181114291417,0.902085573372372
0.9483309095899866,0.9048130803870535
0.9533007720488366,0.9064474007960626
0.9560136394652377,0.9084959522730963
0.9510393032833852,0.9110825440176327
0.9498505211156575,0.910147287649983
0.9521521429975637,0.9091809975623567
0.958149846668172,0.9110459508114205
0.9696224952307587,0.913404827157846
0.9657654724860874,0.9156531726069738
0.9574437787654858,0.9168757163445292
0.9501946625928167,0.9154756422943031
0.9563130446062228,0.9125785797571844
0.9550035836487721,0.9133162432004427
0.9611979085626526,0.9113458098283538
0.9670660954942498,0.912060138171926
0.9715576079143441,0.914044867832059
0.9751553790814103,0.9166608188801352
0.9748201850502559,0.9192691990015587
0.9729789092653043,0.9221802840999237
0.9639063022560511,0.9218620447607583
0.958833655899488,0.9206915856999301
0.9668917333692733,0.9197048367962114
0.9572426842461368,0.9191874602729421
0.9672179799544227,0.9173263764625286
0.9714369295715461,0.9173295538388664
0.9745297273552755,0.9180259159488561
0.9771710169913386,0.9186352432732823
0.9766615698849991,0.9193692617244109
0.9744984117411837,0.922480328571415
0.9824134427000843,0.9236058133712646
0.9922681691153641,0.9249615136218081
0.9926167843155258,0.9279055301403705
1.0,0.930087386723207
0.9942301236900386,0.9352306373180763
0.9944044858150154,0.9367702990364138
